{
  "method": "e5",
  "model": "intfloat/e5-large-v2",
  "global_dir": "data/derived/global/2026-05-25-dataset-v5-large-global",
  "split": "test",
  "n_memory": 347,
  "n_test": 1008,
  "elapsed_s": 9.191154956817627,
  "coarse": {
    "label": "coarse",
    "n_with_gold": 331,
    "hit_at_1": 0.1540785498489426,
    "hit_at_5": 0.31419939577039274,
    "hit_at_10": 0.4259818731117825,
    "mrr": 0.2236800460365416,
    "per_project": {
      "payment-outage": {
        "n": 15,
        "hit_at_1": 0.2,
        "hit_at_5": 0.6666666666666666
      },
      "cart-redis": {
        "n": 68,
        "hit_at_1": 0.23529411764705882,
        "hit_at_5": 0.4264705882352941
      },
      "productcatalog-latency": {
        "n": 23,
        "hit_at_1": 0.08695652173913043,
        "hit_at_5": 0.4782608695652174
      },
      "checkout-restart": {
        "n": 15,
        "hit_at_1": 0.8,
        "hit_at_5": 1.0
      },
      "productcatalog-outage": {
        "n": 31,
        "hit_at_1": 0.0,
        "hit_at_5": 0.16129032258064516
      },
      "checkout-outage": {
        "n": 16,
        "hit_at_1": 0.0,
        "hit_at_5": 0.0
      },
      "currency-outage": {
        "n": 21,
        "hit_at_1": 0.047619047619047616,
        "hit_at_5": 0.3333333333333333
      },
      "recommendation-outage": {
        "n": 14,
        "hit_at_1": 0.0,
        "hit_at_5": 0.42857142857142855
      },
      "frontend-restart": {
        "n": 13,
        "hit_at_1": 0.8461538461538461,
        "hit_at_5": 0.9230769230769231
      },
      "shipping-outage": {
        "n": 19,
        "hit_at_1": 0.0,
        "hit_at_5": 0.0
      },
      "slow-leak-saturation": {
        "n": 9,
        "hit_at_1": 0.0,
        "hit_at_5": 0.1111111111111111
      },
      "third-party-blip": {
        "n": 9,
        "hit_at_1": 0.0,
        "hit_at_5": 0.0
      },
      "recovered-in-window": {
        "n": 12,
        "hit_at_1": 0.08333333333333333,
        "hit_at_5": 0.16666666666666666
      },
      "flapping-pod": {
        "n": 14,
        "hit_at_1": 0.35714285714285715,
        "hit_at_5": 0.35714285714285715
      },
      "latency-near-miss-partial-recovery": {
        "n": 8,
        "hit_at_1": 0.0,
        "hit_at_5": 0.0
      },
      "dns-outage": {
        "n": 11,
        "hit_at_1": 0.0,
        "hit_at_5": 0.0
      },
      "network-partition": {
        "n": 12,
        "hit_at_1": 0.0,
        "hit_at_5": 0.0
      },
      "network-latency": {
        "n": 9,
        "hit_at_1": 0.0,
        "hit_at_5": 0.0
      },
      "resource-saturation": {
        "n": 9,
        "hit_at_1": 0.0,
        "hit_at_5": 0.0
      },
      "network-packet-loss": {
        "n": 3,
        "hit_at_1": 0.0,
        "hit_at_5": 0.3333333333333333
      }
    }
  },
  "strong": null
}