{
  "method": "mpnet",
  "model": "sentence-transformers/all-mpnet-base-v2",
  "global_dir": "data/derived/global/2026-05-25-dataset-v5-large-global",
  "split": "test",
  "n_memory": 347,
  "n_test": 1008,
  "elapsed_s": 7.040262460708618,
  "coarse": {
    "label": "coarse",
    "n_with_gold": 331,
    "hit_at_1": 0.20241691842900303,
    "hit_at_5": 0.37462235649546827,
    "hit_at_10": 0.4652567975830816,
    "mrr": 0.2779648012276411,
    "per_project": {
      "payment-outage": {
        "n": 15,
        "hit_at_1": 0.0,
        "hit_at_5": 0.5333333333333333
      },
      "cart-redis": {
        "n": 68,
        "hit_at_1": 0.3235294117647059,
        "hit_at_5": 0.4264705882352941
      },
      "productcatalog-latency": {
        "n": 23,
        "hit_at_1": 0.34782608695652173,
        "hit_at_5": 0.6521739130434783
      },
      "checkout-restart": {
        "n": 15,
        "hit_at_1": 0.3333333333333333,
        "hit_at_5": 1.0
      },
      "productcatalog-outage": {
        "n": 31,
        "hit_at_1": 0.16129032258064516,
        "hit_at_5": 0.6451612903225806
      },
      "checkout-outage": {
        "n": 16,
        "hit_at_1": 0.0,
        "hit_at_5": 0.0
      },
      "currency-outage": {
        "n": 21,
        "hit_at_1": 0.47619047619047616,
        "hit_at_5": 0.7142857142857143
      },
      "recommendation-outage": {
        "n": 14,
        "hit_at_1": 0.5,
        "hit_at_5": 0.5714285714285714
      },
      "frontend-restart": {
        "n": 13,
        "hit_at_1": 0.0,
        "hit_at_5": 0.0
      },
      "shipping-outage": {
        "n": 19,
        "hit_at_1": 0.0,
        "hit_at_5": 0.0
      },
      "slow-leak-saturation": {
        "n": 9,
        "hit_at_1": 0.0,
        "hit_at_5": 0.0
      },
      "third-party-blip": {
        "n": 9,
        "hit_at_1": 0.1111111111111111,
        "hit_at_5": 0.2222222222222222
      },
      "recovered-in-window": {
        "n": 12,
        "hit_at_1": 0.16666666666666666,
        "hit_at_5": 0.25
      },
      "flapping-pod": {
        "n": 14,
        "hit_at_1": 0.42857142857142855,
        "hit_at_5": 0.5
      },
      "latency-near-miss-partial-recovery": {
        "n": 8,
        "hit_at_1": 0.0,
        "hit_at_5": 0.0
      },
      "dns-outage": {
        "n": 11,
        "hit_at_1": 0.0,
        "hit_at_5": 0.0
      },
      "network-partition": {
        "n": 12,
        "hit_at_1": 0.0,
        "hit_at_5": 0.0
      },
      "network-latency": {
        "n": 9,
        "hit_at_1": 0.0,
        "hit_at_5": 0.0
      },
      "resource-saturation": {
        "n": 9,
        "hit_at_1": 0.0,
        "hit_at_5": 0.1111111111111111
      },
      "network-packet-loss": {
        "n": 3,
        "hit_at_1": 0.3333333333333333,
        "hit_at_5": 0.3333333333333333
      }
    }
  },
  "strong": null
}