{
  "config": {
    "global_dir": "data/derived/global/2026-05-25-dataset-v5-large-global",
    "humanized_root": "jira-shadow-humanized-v2",
    "humanized_subdir": "bulk-20260531",
    "biencoder_finetune_epochs": 5,
    "skip_window_extraction": true,
    "skip_graph": true,
    "seed": 42
  },
  "metadata": {
    "n_predictions": 1008,
    "fit_seconds": 92.26242852210999,
    "predict_seconds": 0.003098011016845703,
    "wall_seconds": 95.17221736907959,
    "train_n": 4701,
    "val_n": 1011,
    "test_n": 1008,
    "n_memory": 347,
    "rrf_k": 60.0,
    "retriever_weights": {
      "splade": 1.0,
      "biencoder": 1.0,
      "graph": 1.0
    },
    "splade_model": "naver/splade-cocondenser-ensembledistil",
    "biencoder_backbone": "sentence-transformers/all-MiniLM-L6-v2",
    "graph_enabled": false,
    "retrieval": "hybrid_rrf"
  },
  "coarse": {
    "label": "coarse",
    "n_with_gold": 331,
    "hit_at_1": 0.2809667673716012,
    "hit_at_5": 0.5921450151057401,
    "mrr": 0.39420946626384695,
    "per_project": {
      "payment-outage": {
        "n": 15,
        "hit_at_1": 0.8666666666666667,
        "hit_at_5": 1.0,
        "mrr": 0.9222222222222222
      },
      "cart-redis": {
        "n": 68,
        "hit_at_1": 0.2647058823529412,
        "hit_at_5": 0.47058823529411764,
        "mrr": 0.3279411764705882
      },
      "productcatalog-latency": {
        "n": 23,
        "hit_at_1": 0.6956521739130435,
        "hit_at_5": 0.8695652173913043,
        "mrr": 0.7681159420289856
      },
      "checkout-restart": {
        "n": 15,
        "hit_at_1": 0.3333333333333333,
        "hit_at_5": 0.8666666666666667,
        "mrr": 0.4888888888888889
      },
      "productcatalog-outage": {
        "n": 31,
        "hit_at_1": 0.06451612903225806,
        "hit_at_5": 0.45161290322580644,
        "mrr": 0.15537634408602152
      },
      "checkout-outage": {
        "n": 16,
        "hit_at_1": 0.375,
        "hit_at_5": 0.75,
        "mrr": 0.5062500000000001
      },
      "currency-outage": {
        "n": 21,
        "hit_at_1": 0.19047619047619047,
        "hit_at_5": 0.7619047619047619,
        "mrr": 0.41269841269841273
      },
      "recommendation-outage": {
        "n": 14,
        "hit_at_1": 0.5,
        "hit_at_5": 0.7142857142857143,
        "mrr": 0.5952380952380951
      },
      "frontend-restart": {
        "n": 13,
        "hit_at_1": 0.7692307692307693,
        "hit_at_5": 1.0,
        "mrr": 0.8269230769230769
      },
      "shipping-outage": {
        "n": 19,
        "hit_at_1": 0.21052631578947367,
        "hit_at_5": 0.8947368421052632,
        "mrr": 0.5210526315789474
      },
      "slow-leak-saturation": {
        "n": 9,
        "hit_at_1": 0.2222222222222222,
        "hit_at_5": 0.6666666666666666,
        "mrr": 0.3888888888888889
      },
      "third-party-blip": {
        "n": 9,
        "hit_at_1": 0.0,
        "hit_at_5": 0.3333333333333333,
        "mrr": 0.16666666666666666
      },
      "recovered-in-window": {
        "n": 12,
        "hit_at_1": 0.3333333333333333,
        "hit_at_5": 0.4166666666666667,
        "mrr": 0.35000000000000003
      },
      "flapping-pod": {
        "n": 14,
        "hit_at_1": 0.07142857142857142,
        "hit_at_5": 0.2857142857142857,
        "mrr": 0.17857142857142858
      },
      "latency-near-miss-partial-recovery": {
        "n": 8,
        "hit_at_1": 0.0,
        "hit_at_5": 0.375,
        "mrr": 0.16666666666666666
      },
      "dns-outage": {
        "n": 11,
        "hit_at_1": 0.09090909090909091,
        "hit_at_5": 0.36363636363636365,
        "mrr": 0.22727272727272727
      },
      "network-partition": {
        "n": 12,
        "hit_at_1": 0.0,
        "hit_at_5": 0.0,
        "mrr": 0.0
      },
      "network-latency": {
        "n": 9,
        "hit_at_1": 0.0,
        "hit_at_5": 0.7777777777777778,
        "mrr": 0.2777777777777778
      },
      "resource-saturation": {
        "n": 9,
        "hit_at_1": 0.0,
        "hit_at_5": 0.1111111111111111,
        "mrr": 0.027777777777777776
      },
      "network-packet-loss": {
        "n": 3,
        "hit_at_1": 0.0,
        "hit_at_5": 0.3333333333333333,
        "mrr": 0.16666666666666666
      }
    }
  },
  "strong": {
    "label": "strong",
    "n_with_gold": 0,
    "hit_at_1": 0.0,
    "hit_at_5": 0.0,
    "mrr": 0.0,
    "per_project": {}
  }
}