{
  "model": "Qwen/Qwen2.5-7B-Instruct",
  "seed": 42,
  "n_windows": 300,
  "n_gold_judged": 300,
  "n_random_judged": 300,
  "gold_mean_score": 2.6033333333333335,
  "random_mean_score": 1.3633333333333333,
  "gold_frac_relevant_ge4": 0.06333333333333334,
  "random_frac_relevant_ge4": 0.0,
  "discrimination_gap": 1.2400000000000002,
  "elapsed_s": 45.50083684921265
}