max_tool_calls,hit_at_1,hit_at_5,mrr,triage_accuracy,wall_seconds
0,0.676737,0.758308,0.705992,0.841270,0.359
1,0.679758,0.758308,0.708006,0.841270,1.854
2,0.664653,0.758308,0.696979,0.841270,1.953
3,0.664653,0.758308,0.696979,0.841270,2.077
4,0.688822,0.758308,0.713797,0.841270,2.392
