{
  "method": "llm-rag",
  "model": "Qwen/Qwen2.5-7B-Instruct",
  "candidates_from": "paper-results/baselines/sota-dense/online-boutique/bge-predictions.jsonl",
  "global_dir": "data/derived/global/2026-05-25-dataset-v5-large-global",
  "subset_n": 331,
  "seed": 42,
  "cand_k": 10,
  "elapsed_s": 71.43472170829773,
  "coarse": {
    "n_with_gold": 331,
    "hit_at_1": 0.23867069486404835,
    "hit_at_5": 0.34441087613293053,
    "mrr": 0.2928031937850669,
    "per_project": {
      "cart-redis": {
        "n": 68,
        "hit_at_1": 0.20588235294117646,
        "hit_at_5": 0.36764705882352944
      },
      "checkout-outage": {
        "n": 16,
        "hit_at_1": 0.0625,
        "hit_at_5": 0.0625
      },
      "slow-leak-saturation": {
        "n": 9,
        "hit_at_1": 0.0,
        "hit_at_5": 0.0
      },
      "shipping-outage": {
        "n": 19,
        "hit_at_1": 0.3157894736842105,
        "hit_at_5": 0.3684210526315789
      },
      "dns-outage": {
        "n": 11,
        "hit_at_1": 0.0,
        "hit_at_5": 0.0
      },
      "productcatalog-outage": {
        "n": 31,
        "hit_at_1": 0.22580645161290322,
        "hit_at_5": 0.41935483870967744
      },
      "network-packet-loss": {
        "n": 3,
        "hit_at_1": 0.3333333333333333,
        "hit_at_5": 0.3333333333333333
      },
      "network-latency": {
        "n": 9,
        "hit_at_1": 0.0,
        "hit_at_5": 0.0
      },
      "flapping-pod": {
        "n": 14,
        "hit_at_1": 0.21428571428571427,
        "hit_at_5": 0.35714285714285715
      },
      "currency-outage": {
        "n": 21,
        "hit_at_1": 0.5714285714285714,
        "hit_at_5": 0.5714285714285714
      },
      "resource-saturation": {
        "n": 9,
        "hit_at_1": 0.0,
        "hit_at_5": 0.0
      },
      "checkout-restart": {
        "n": 15,
        "hit_at_1": 1.0,
        "hit_at_5": 1.0
      },
      "third-party-blip": {
        "n": 9,
        "hit_at_1": 0.0,
        "hit_at_5": 0.0
      },
      "productcatalog-latency": {
        "n": 23,
        "hit_at_1": 0.08695652173913043,
        "hit_at_5": 0.34782608695652173
      },
      "latency-near-miss-partial-recovery": {
        "n": 8,
        "hit_at_1": 0.0,
        "hit_at_5": 0.0
      },
      "recovered-in-window": {
        "n": 12,
        "hit_at_1": 0.08333333333333333,
        "hit_at_5": 0.3333333333333333
      },
      "recommendation-outage": {
        "n": 14,
        "hit_at_1": 0.7142857142857143,
        "hit_at_5": 0.7142857142857143
      },
      "frontend-restart": {
        "n": 13,
        "hit_at_1": 0.23076923076923078,
        "hit_at_5": 0.46153846153846156
      },
      "payment-outage": {
        "n": 15,
        "hit_at_1": 0.26666666666666666,
        "hit_at_5": 0.4666666666666667
      },
      "network-partition": {
        "n": 12,
        "hit_at_1": 0.0,
        "hit_at_5": 0.0
      }
    }
  }
}