{
  "config": {
    "global_dir": "data/derived/global/2026-06-17-wol-real-v3-global",
    "humanized_root": "jira-shadow-humanized-v2",
    "humanized_subdir": "bulk-20260617",
    "biencoder_finetune_epochs": 5,
    "skip_window_extraction": true,
    "skip_graph": true,
    "seed": 42
  },
  "metadata": {
    "n_predictions": 13388,
    "fit_seconds": 18204.496968269348,
    "predict_seconds": 0.14284300804138184,
    "wall_seconds": 18212.12445616722,
    "train_n": 5000,
    "val_n": 1666,
    "test_n": 13388,
    "n_memory": 38642,
    "rrf_k": 60.0,
    "retriever_weights": {
      "splade": 1.0,
      "biencoder": 1.0,
      "graph": 1.0
    },
    "splade_model": "naver/splade-cocondenser-ensembledistil",
    "biencoder_backbone": "sentence-transformers/all-MiniLM-L6-v2",
    "graph_enabled": false,
    "retrieval": "hybrid_rrf"
  },
  "coarse": {
    "label": "coarse",
    "n_with_gold": 5150,
    "hit_at_1": 0.8302912621359223,
    "hit_at_5": 0.9702912621359223,
    "mrr": 0.8940970873786401,
    "per_project": {
      "wol-kafka": {
        "n": 803,
        "hit_at_1": 0.8281444582814446,
        "hit_at_5": 0.9551681195516812,
        "mrr": 0.8877542548775427
      },
      "wol-mariadb-server": {
        "n": 4347,
        "hit_at_1": 0.8306878306878307,
        "hit_at_5": 0.9730848861283644,
        "mrr": 0.895268767732536
      }
    }
  },
  "strong": {
    "label": "strong",
    "n_with_gold": 4362,
    "hit_at_1": 0.5616689591930307,
    "hit_at_5": 0.7693718477762495,
    "mrr": 0.6403064343573294,
    "per_project": {
      "wol-kafka": {
        "n": 672,
        "hit_at_1": 0.6205357142857143,
        "hit_at_5": 0.8095238095238095,
        "mrr": 0.6964037698412694
      },
      "wol-mariadb-server": {
        "n": 3690,
        "hit_at_1": 0.5509485094850949,
        "hit_at_5": 0.7620596205962059,
        "mrr": 0.6300903342366759
      }
    }
  }
}