{
  "method": "mpnet",
  "model": "sentence-transformers/all-mpnet-base-v2",
  "global_dir": "data/derived/global/2026-06-17-wol-real-v3-global",
  "split": "test",
  "n_memory": 38642,
  "n_test": 13388,
  "elapsed_s": 496.9632098674774,
  "coarse": {
    "label": "coarse",
    "n_with_gold": 5150,
    "hit_at_1": 0.6436893203883495,
    "hit_at_5": 0.8339805825242719,
    "hit_at_10": 0.8850485436893204,
    "mrr": 0.7253839574664827,
    "per_project": {
      "wol-kafka": {
        "n": 803,
        "hit_at_1": 0.5205479452054794,
        "hit_at_5": 0.7808219178082192
      },
      "wol-mariadb-server": {
        "n": 4347,
        "hit_at_1": 0.666436622958362,
        "hit_at_5": 0.8438003220611916
      }
    }
  },
  "strong": {
    "label": "strong",
    "n_with_gold": 4362,
    "hit_at_1": 0.4436038514442916,
    "hit_at_5": 0.6673544245758827,
    "hit_at_10": 0.7427785419532325,
    "mrr": 0.5397724212717334,
    "per_project": {
      "wol-kafka": {
        "n": 672,
        "hit_at_1": 0.4255952380952381,
        "hit_at_5": 0.65625
      },
      "wol-mariadb-server": {
        "n": 3690,
        "hit_at_1": 0.4468834688346883,
        "hit_at_5": 0.6693766937669376
      }
    }
  }
}