max_tool_calls,hit_at_1,hit_at_5,mrr,triage_accuracy,wall_seconds
0,0.858835,0.963301,0.902214,0.505602,4.968
1,0.858835,0.963301,0.902214,0.505602,8.306
2,0.858835,0.963301,0.902214,0.505602,8.674
3,0.858835,0.963301,0.902214,0.505602,9.041
4,0.858835,0.963301,0.902214,0.505602,7.942
