{
  "method": "ce",
  "model": "ce",
  "global_dir": "data/derived/global/2026-05-25-dataset-v5-large-global",
  "split": "test",
  "n_memory": 347,
  "n_test": 1008,
  "elapsed_s": 50.07279109954834,
  "coarse": {
    "label": "coarse",
    "n_with_gold": 331,
    "hit_at_1": 0.1027190332326284,
    "hit_at_5": 0.29607250755287007,
    "hit_at_10": 0.39274924471299094,
    "mrr": 0.1818707140459408,
    "per_project": {
      "payment-outage": {
        "n": 15,
        "hit_at_1": 0.06666666666666667,
        "hit_at_5": 0.6
      },
      "cart-redis": {
        "n": 68,
        "hit_at_1": 0.19117647058823528,
        "hit_at_5": 0.4117647058823529
      },
      "productcatalog-latency": {
        "n": 23,
        "hit_at_1": 0.043478260869565216,
        "hit_at_5": 0.391304347826087
      },
      "checkout-restart": {
        "n": 15,
        "hit_at_1": 0.8,
        "hit_at_5": 1.0
      },
      "productcatalog-outage": {
        "n": 31,
        "hit_at_1": 0.0,
        "hit_at_5": 0.1935483870967742
      },
      "checkout-outage": {
        "n": 16,
        "hit_at_1": 0.0,
        "hit_at_5": 0.0
      },
      "currency-outage": {
        "n": 21,
        "hit_at_1": 0.0,
        "hit_at_5": 0.047619047619047616
      },
      "recommendation-outage": {
        "n": 14,
        "hit_at_1": 0.0,
        "hit_at_5": 0.35714285714285715
      },
      "frontend-restart": {
        "n": 13,
        "hit_at_1": 0.3076923076923077,
        "hit_at_5": 0.5384615384615384
      },
      "shipping-outage": {
        "n": 19,
        "hit_at_1": 0.10526315789473684,
        "hit_at_5": 0.3157894736842105
      },
      "slow-leak-saturation": {
        "n": 9,
        "hit_at_1": 0.0,
        "hit_at_5": 0.0
      },
      "third-party-blip": {
        "n": 9,
        "hit_at_1": 0.0,
        "hit_at_5": 0.4444444444444444
      },
      "recovered-in-window": {
        "n": 12,
        "hit_at_1": 0.08333333333333333,
        "hit_at_5": 0.4166666666666667
      },
      "flapping-pod": {
        "n": 14,
        "hit_at_1": 0.0,
        "hit_at_5": 0.21428571428571427
      },
      "latency-near-miss-partial-recovery": {
        "n": 8,
        "hit_at_1": 0.0,
        "hit_at_5": 0.0
      },
      "dns-outage": {
        "n": 11,
        "hit_at_1": 0.0,
        "hit_at_5": 0.0
      },
      "network-partition": {
        "n": 12,
        "hit_at_1": 0.0,
        "hit_at_5": 0.0
      },
      "network-latency": {
        "n": 9,
        "hit_at_1": 0.0,
        "hit_at_5": 0.0
      },
      "resource-saturation": {
        "n": 9,
        "hit_at_1": 0.0,
        "hit_at_5": 0.0
      },
      "network-packet-loss": {
        "n": 3,
        "hit_at_1": 0.0,
        "hit_at_5": 0.0
      }
    }
  },
  "strong": null
}