{
  "config": {
    "global_dir": "data\\derived\\global\\2026-06-17-wol-real-v3-global",
    "humanized_root": "jira-shadow-humanized-v2",
    "humanized_subdir": "bulk-20260617",
    "n_hard_negs": 2,
    "n_random_negs": 1,
    "use_all_golds": false,
    "finetune_epochs": 5,
    "max_chars": 512,
    "seed": 42
  },
  "metadata": {
    "n_predictions": 13388,
    "fit_seconds": 79568.22731590271,
    "predict_seconds": 0.004729509353637695,
    "wall_seconds": 79589.64554810524,
    "train_n": 60916,
    "val_n": 3836,
    "test_n": 13388,
    "n_memory": 38642,
    "n_finetune_pairs": 23320,
    "backbone": "sentence-transformers/all-MiniLM-L6-v2",
    "embed_dim": 384,
    "device": "cuda",
    "retrieval": "bi_encoder_dense"
  },
  "coarse": {
    "label": "coarse",
    "n_with_gold": 5150,
    "hit_at_1": 0.856116504854369,
    "hit_at_5": 0.9050485436893204,
    "mrr": 0.873805825242718,
    "per_project": {
      "wol-kafka": {
        "n": 803,
        "hit_at_1": 0.9215442092154421,
        "hit_at_5": 0.9327521793275217,
        "mrr": 0.9255915317559155
      },
      "wol-mariadb-server": {
        "n": 4347,
        "hit_at_1": 0.8440303657694962,
        "hit_at_5": 0.8999309868875086,
        "mrr": 0.8642397055440535
      }
    }
  },
  "strong": {
    "label": "strong",
    "n_with_gold": 4362,
    "hit_at_1": 0.2602017423200367,
    "hit_at_5": 0.5229252636405318,
    "mrr": 0.3558153752101482,
    "per_project": {
      "wol-kafka": {
        "n": 672,
        "hit_at_1": 0.38095238095238093,
        "hit_at_5": 0.6860119047619048,
        "mrr": 0.49823908730158706
      },
      "wol-mariadb-server": {
        "n": 3690,
        "hit_at_1": 0.23821138211382115,
        "hit_at_5": 0.4932249322493225,
        "mrr": 0.3298780487804889
      }
    }
  }
}