{
  "config": {
    "global_dir": "data/derived/global/2026-06-17-wol-real-v3-global",
    "humanized_root": "jira-shadow-humanized-v2",
    "humanized_subdir": "bulk-20260617",
    "biencoder_finetune_epochs": 5,
    "skip_window_extraction": true,
    "skip_graph": false,
    "seed": 42
  },
  "metadata": {
    "n_predictions": 13388,
    "fit_seconds": 20010.03218603134,
    "predict_seconds": 0.14588069915771484,
    "wall_seconds": 20014.650601387024,
    "train_n": 5000,
    "val_n": 1666,
    "test_n": 13388,
    "n_memory": 38642,
    "rrf_k": 60.0,
    "retriever_weights": {
      "splade": 1.0,
      "biencoder": 1.0,
      "graph": 1.0
    },
    "splade_model": "naver/splade-cocondenser-ensembledistil",
    "biencoder_backbone": "sentence-transformers/all-MiniLM-L6-v2",
    "graph_enabled": true,
    "retrieval": "hybrid_rrf"
  },
  "coarse": {
    "label": "coarse",
    "n_with_gold": 5150,
    "hit_at_1": 0.8392233009708738,
    "hit_at_5": 0.9700970873786408,
    "mrr": 0.8973559870550163,
    "per_project": {
      "wol-kafka": {
        "n": 803,
        "hit_at_1": 0.8244084682440846,
        "hit_at_5": 0.9539227895392279,
        "mrr": 0.881299294312993
      },
      "wol-mariadb-server": {
        "n": 4347,
        "hit_at_1": 0.841959972394755,
        "hit_at_5": 0.9730848861283644,
        "mrr": 0.9003220611916268
      }
    }
  },
  "strong": {
    "label": "strong",
    "n_with_gold": 4362,
    "hit_at_1": 0.51077487391105,
    "hit_at_5": 0.743924805135259,
    "mrr": 0.602426257068623,
    "per_project": {
      "wol-kafka": {
        "n": 672,
        "hit_at_1": 0.5892857142857143,
        "hit_at_5": 0.7991071428571429,
        "mrr": 0.6744295634920631
      },
      "wol-mariadb-server": {
        "n": 3690,
        "hit_at_1": 0.4964769647696477,
        "hit_at_5": 0.7338753387533875,
        "mrr": 0.5893134598012643
      }
    }
  }
}