{
  "config": {
    "global_dir": "data/derived/global/2026-06-17-wol-real-v3-global",
    "humanized_root": "jira-shadow-humanized-v2",
    "humanized_subdir": "bulk-20260617",
    "skip_window_extraction": true,
    "seed": 42
  },
  "metadata": {
    "n_predictions": 13388,
    "fit_seconds": 13472.240123271942,
    "predict_seconds": 0.7496976852416992,
    "wall_seconds": 13474.829947471619,
    "train_n": 60916,
    "val_n": 3836,
    "test_n": 13388,
    "n_memory": 38642,
    "n_extractions": 38600,
    "window_extraction_mode": "rule_based",
    "neo4j_uri": "neo4j://127.0.0.1:7687",
    "graph_counts": {
      "Incident": 38462,
      "Service": 20,
      "Component": 1622,
      "ErrorClass": 335,
      "RootCause": 37480,
      "Fix": 32041,
      "Symptom": 98176
    },
    "retrieval": "kg_cypher"
  },
  "coarse": {
    "label": "coarse",
    "n_with_gold": 5150,
    "hit_at_1": 0.08310679611650486,
    "hit_at_5": 0.3075728155339806,
    "mrr": 0.15206796116504867,
    "per_project": {
      "wol-kafka": {
        "n": 803,
        "hit_at_1": 0.0224159402241594,
        "hit_at_5": 0.24283935242839352,
        "mrr": 0.10595682855956821
      },
      "wol-mariadb-server": {
        "n": 4347,
        "hit_at_1": 0.09431792040487692,
        "hit_at_5": 0.3195307108350587,
        "mrr": 0.16058584464381584
      }
    }
  },
  "strong": {
    "label": "strong",
    "n_with_gold": 4362,
    "hit_at_1": 0.016047684548372305,
    "hit_at_5": 0.035534158642824394,
    "mrr": 0.022573742931377053,
    "per_project": {
      "wol-kafka": {
        "n": 672,
        "hit_at_1": 0.0,
        "hit_at_5": 0.0744047619047619,
        "mrr": 0.024801587301587314
      },
      "wol-mariadb-server": {
        "n": 3690,
        "hit_at_1": 0.018970189701897018,
        "hit_at_5": 0.028455284552845527,
        "mrr": 0.02216802168021681
      }
    }
  }
}