{
  "config": {
    "global_dir": "data/derived/global/2026-05-25-dataset-v5-large-global",
    "humanized_root": "jira-shadow-humanized-v2",
    "humanized_subdir": "bulk-20260531",
    "n_hard_negs": 2,
    "n_random_negs": 1,
    "use_all_golds": false,
    "finetune_epochs": 5,
    "max_chars": 512,
    "seed": 2
  },
  "metadata": {
    "n_predictions": 1008,
    "fit_seconds": 42.761016607284546,
    "predict_seconds": 0.00024199485778808594,
    "wall_seconds": 46.20754551887512,
    "train_n": 4701,
    "val_n": 1011,
    "test_n": 1008,
    "n_memory": 347,
    "n_finetune_pairs": 1805,
    "backbone": "sentence-transformers/all-MiniLM-L6-v2",
    "embed_dim": 384,
    "device": "cuda",
    "retrieval": "bi_encoder_dense"
  },
  "coarse": {
    "label": "coarse",
    "n_with_gold": 331,
    "hit_at_1": 0.4229607250755287,
    "hit_at_5": 0.6132930513595166,
    "mrr": 0.49420946626384704,
    "per_project": {
      "payment-outage": {
        "n": 15,
        "hit_at_1": 1.0,
        "hit_at_5": 1.0,
        "mrr": 1.0
      },
      "cart-redis": {
        "n": 68,
        "hit_at_1": 0.38235294117647056,
        "hit_at_5": 0.6911764705882353,
        "mrr": 0.49509803921568635
      },
      "productcatalog-latency": {
        "n": 23,
        "hit_at_1": 0.5652173913043478,
        "hit_at_5": 0.7391304347826086,
        "mrr": 0.6173913043478261
      },
      "checkout-restart": {
        "n": 15,
        "hit_at_1": 0.4,
        "hit_at_5": 0.6,
        "mrr": 0.45555555555555555
      },
      "productcatalog-outage": {
        "n": 31,
        "hit_at_1": 0.0967741935483871,
        "hit_at_5": 0.1935483870967742,
        "mrr": 0.11935483870967742
      },
      "checkout-outage": {
        "n": 16,
        "hit_at_1": 0.625,
        "hit_at_5": 0.8125,
        "mrr": 0.6895833333333333
      },
      "currency-outage": {
        "n": 21,
        "hit_at_1": 0.6190476190476191,
        "hit_at_5": 0.8571428571428571,
        "mrr": 0.7000000000000001
      },
      "recommendation-outage": {
        "n": 14,
        "hit_at_1": 0.7142857142857143,
        "hit_at_5": 0.7142857142857143,
        "mrr": 0.7142857142857143
      },
      "frontend-restart": {
        "n": 13,
        "hit_at_1": 0.15384615384615385,
        "hit_at_5": 0.9230769230769231,
        "mrr": 0.5064102564102565
      },
      "shipping-outage": {
        "n": 19,
        "hit_at_1": 0.7368421052631579,
        "hit_at_5": 0.8947368421052632,
        "mrr": 0.8157894736842105
      },
      "slow-leak-saturation": {
        "n": 9,
        "hit_at_1": 0.3333333333333333,
        "hit_at_5": 0.6666666666666666,
        "mrr": 0.48148148148148145
      },
      "third-party-blip": {
        "n": 9,
        "hit_at_1": 0.5555555555555556,
        "hit_at_5": 0.5555555555555556,
        "mrr": 0.5555555555555556
      },
      "recovered-in-window": {
        "n": 12,
        "hit_at_1": 0.3333333333333333,
        "hit_at_5": 0.6666666666666666,
        "mrr": 0.44027777777777777
      },
      "flapping-pod": {
        "n": 14,
        "hit_at_1": 0.2857142857142857,
        "hit_at_5": 0.42857142857142855,
        "mrr": 0.35714285714285715
      },
      "latency-near-miss-partial-recovery": {
        "n": 8,
        "hit_at_1": 0.25,
        "hit_at_5": 0.25,
        "mrr": 0.25
      },
      "dns-outage": {
        "n": 11,
        "hit_at_1": 0.36363636363636365,
        "hit_at_5": 0.36363636363636365,
        "mrr": 0.36363636363636365
      },
      "network-partition": {
        "n": 12,
        "hit_at_1": 0.0,
        "hit_at_5": 0.08333333333333333,
        "mrr": 0.041666666666666664
      },
      "network-latency": {
        "n": 9,
        "hit_at_1": 0.5555555555555556,
        "hit_at_5": 0.5555555555555556,
        "mrr": 0.5555555555555556
      },
      "resource-saturation": {
        "n": 9,
        "hit_at_1": 0.0,
        "hit_at_5": 0.1111111111111111,
        "mrr": 0.027777777777777776
      },
      "network-packet-loss": {
        "n": 3,
        "hit_at_1": 0.3333333333333333,
        "hit_at_5": 0.3333333333333333,
        "mrr": 0.3333333333333333
      }
    }
  },
  "strong": {
    "label": "strong",
    "n_with_gold": 0,
    "hit_at_1": 0.0,
    "hit_at_5": 0.0,
    "mrr": 0.0,
    "per_project": {}
  }
}