max_tool_calls,hit_at_1,hit_at_5,mrr,triage_accuracy,wall_seconds
0,0.647059,0.756303,0.687955,0.846154,0.075
1,0.647059,0.756303,0.687955,0.846154,0.085
2,0.647059,0.756303,0.687955,0.846154,0.097
3,0.647059,0.756303,0.687955,0.846154,0.105
4,0.647059,0.756303,0.687955,0.846154,0.103
