{
  "method": "llm-rag",
  "model": "Qwen/Qwen2.5-7B-Instruct",
  "candidates_from": "paper-results/baselines/sota-dense/wol-v3/bge-predictions.jsonl",
  "global_dir": "data/derived/global/2026-06-17-wol-real-v3-global",
  "subset_n": 500,
  "seed": 42,
  "cand_k": 10,
  "elapsed_s": 185.91168308258057,
  "coarse": {
    "n_with_gold": 500,
    "hit_at_1": 0.71,
    "hit_at_5": 0.856,
    "mrr": 0.7779531746031746,
    "per_project": {
      "wol-kafka": {
        "n": 93,
        "hit_at_1": 0.6344086021505376,
        "hit_at_5": 0.7849462365591398
      },
      "wol-mariadb-server": {
        "n": 407,
        "hit_at_1": 0.7272727272727273,
        "hit_at_5": 0.8722358722358723
      }
    }
  }
}