{
  "model": "Qwen/Qwen2.5-7B-Instruct",
  "seed": 42,
  "n_windows": 300,
  "n_gold_judged": 300,
  "n_random_judged": 300,
  "gold_mean_score": 2.3133333333333335,
  "random_mean_score": 1.97,
  "gold_frac_relevant_ge4": 0.11,
  "random_frac_relevant_ge4": 0.03333333333333333,
  "discrimination_gap": 0.3433333333333335,
  "elapsed_s": 22.722903728485107
}