{
  "config": {
    "global_dir": "data/derived/global/2026-05-25-dataset-v5-large-global",
    "humanized_root": "jira-shadow-humanized-v2",
    "humanized_subdir": "bulk-20260531",
    "n_hard_negs": 2,
    "n_random_negs": 1,
    "use_all_golds": false,
    "finetune_epochs": 5,
    "max_chars": 512,
    "seed": 42
  },
  "metadata": {
    "n_predictions": 1008,
    "fit_seconds": 46.315423011779785,
    "predict_seconds": 0.0002319812774658203,
    "wall_seconds": 52.038130044937134,
    "train_n": 4701,
    "val_n": 1011,
    "test_n": 1008,
    "n_memory": 347,
    "n_finetune_pairs": 1805,
    "backbone": "sentence-transformers/all-MiniLM-L6-v2",
    "embed_dim": 384,
    "device": "cuda",
    "retrieval": "bi_encoder_dense"
  },
  "coarse": {
    "label": "coarse",
    "n_with_gold": 331,
    "hit_at_1": 0.43202416918429004,
    "hit_at_5": 0.6344410876132931,
    "mrr": 0.5117824773413897,
    "per_project": {
      "payment-outage": {
        "n": 15,
        "hit_at_1": 0.8666666666666667,
        "hit_at_5": 1.0,
        "mrr": 0.9055555555555554
      },
      "cart-redis": {
        "n": 68,
        "hit_at_1": 0.4117647058823529,
        "hit_at_5": 0.7205882352941176,
        "mrr": 0.5372549019607843
      },
      "productcatalog-latency": {
        "n": 23,
        "hit_at_1": 0.5652173913043478,
        "hit_at_5": 0.6956521739130435,
        "mrr": 0.6028985507246377
      },
      "checkout-restart": {
        "n": 15,
        "hit_at_1": 0.4,
        "hit_at_5": 0.6,
        "mrr": 0.45555555555555555
      },
      "productcatalog-outage": {
        "n": 31,
        "hit_at_1": 0.0,
        "hit_at_5": 0.25806451612903225,
        "mrr": 0.09193548387096773
      },
      "checkout-outage": {
        "n": 16,
        "hit_at_1": 0.75,
        "hit_at_5": 1.0,
        "mrr": 0.8541666666666667
      },
      "currency-outage": {
        "n": 21,
        "hit_at_1": 0.6190476190476191,
        "hit_at_5": 0.8571428571428571,
        "mrr": 0.7380952380952381
      },
      "recommendation-outage": {
        "n": 14,
        "hit_at_1": 0.7142857142857143,
        "hit_at_5": 0.7142857142857143,
        "mrr": 0.7142857142857143
      },
      "frontend-restart": {
        "n": 13,
        "hit_at_1": 0.15384615384615385,
        "hit_at_5": 0.7692307692307693,
        "mrr": 0.391025641025641
      },
      "shipping-outage": {
        "n": 19,
        "hit_at_1": 0.7894736842105263,
        "hit_at_5": 0.8947368421052632,
        "mrr": 0.8421052631578947
      },
      "slow-leak-saturation": {
        "n": 9,
        "hit_at_1": 0.5555555555555556,
        "hit_at_5": 0.6666666666666666,
        "mrr": 0.6111111111111112
      },
      "third-party-blip": {
        "n": 9,
        "hit_at_1": 0.6666666666666666,
        "hit_at_5": 0.6666666666666666,
        "mrr": 0.6666666666666666
      },
      "recovered-in-window": {
        "n": 12,
        "hit_at_1": 0.25,
        "hit_at_5": 0.25,
        "mrr": 0.25
      },
      "flapping-pod": {
        "n": 14,
        "hit_at_1": 0.35714285714285715,
        "hit_at_5": 0.35714285714285715,
        "mrr": 0.35714285714285715
      },
      "latency-near-miss-partial-recovery": {
        "n": 8,
        "hit_at_1": 0.375,
        "hit_at_5": 0.375,
        "mrr": 0.375
      },
      "dns-outage": {
        "n": 11,
        "hit_at_1": 0.36363636363636365,
        "hit_at_5": 0.36363636363636365,
        "mrr": 0.36363636363636365
      },
      "network-partition": {
        "n": 12,
        "hit_at_1": 0.08333333333333333,
        "hit_at_5": 0.16666666666666666,
        "mrr": 0.10416666666666667
      },
      "network-latency": {
        "n": 9,
        "hit_at_1": 0.3333333333333333,
        "hit_at_5": 0.8888888888888888,
        "mrr": 0.5925925925925926
      },
      "resource-saturation": {
        "n": 9,
        "hit_at_1": 0.0,
        "hit_at_5": 0.4444444444444444,
        "mrr": 0.15555555555555556
      },
      "network-packet-loss": {
        "n": 3,
        "hit_at_1": 0.3333333333333333,
        "hit_at_5": 0.3333333333333333,
        "mrr": 0.3333333333333333
      }
    }
  },
  "strong": {
    "label": "strong",
    "n_with_gold": 0,
    "hit_at_1": 0.0,
    "hit_at_5": 0.0,
    "mrr": 0.0,
    "per_project": {}
  }
}