{
  "config": {
    "global_dir": "data/derived/global/2026-05-25-dataset-v5-large-global",
    "synthesized_post_hoc": true,
    "note": "Results JSON synthesized from bm25-predictions.jsonl because run_bm25_wol_mode3.py does not write a headline-metrics file. Metric computation mirrors run_biencoder_wol_mode3.py."
  },
  "metadata": {
    "n_predictions": 1008,
    "retrieval": "bm25_retrieval_only",
    "fit_seconds": null,
    "predict_seconds": null,
    "wall_seconds": null
  },
  "coarse": {
    "label": "coarse",
    "n_with_gold": 331,
    "hit_at_1": 0.0513595166163142,
    "hit_at_5": 0.08761329305135952,
    "mrr": 0.06530715005035247,
    "per_project": {
      "payment-outage": {
        "n": 15,
        "hit_at_1": 0.06666666666666667,
        "hit_at_5": 0.3333333333333333,
        "mrr": 0.2
      },
      "cart-redis": {
        "n": 68,
        "hit_at_1": 0.0,
        "hit_at_5": 0.0,
        "mrr": 0.0
      },
      "productcatalog-latency": {
        "n": 23,
        "hit_at_1": 0.0,
        "hit_at_5": 0.0,
        "mrr": 0.0
      },
      "checkout-restart": {
        "n": 15,
        "hit_at_1": 0.0,
        "hit_at_5": 0.0,
        "mrr": 0.0
      },
      "productcatalog-outage": {
        "n": 31,
        "hit_at_1": 0.0967741935483871,
        "hit_at_5": 0.12903225806451613,
        "mrr": 0.11290322580645161
      },
      "checkout-outage": {
        "n": 16,
        "hit_at_1": 0.0,
        "hit_at_5": 0.0,
        "mrr": 0.0
      },
      "currency-outage": {
        "n": 21,
        "hit_at_1": 0.42857142857142855,
        "hit_at_5": 0.42857142857142855,
        "mrr": 0.42857142857142855
      },
      "recommendation-outage": {
        "n": 14,
        "hit_at_1": 0.0,
        "hit_at_5": 0.0,
        "mrr": 0.0
      },
      "frontend-restart": {
        "n": 13,
        "hit_at_1": 0.0,
        "hit_at_5": 0.0,
        "mrr": 0.0
      },
      "shipping-outage": {
        "n": 19,
        "hit_at_1": 0.21052631578947367,
        "hit_at_5": 0.21052631578947367,
        "mrr": 0.21052631578947367
      },
      "slow-leak-saturation": {
        "n": 9,
        "hit_at_1": 0.0,
        "hit_at_5": 0.0,
        "mrr": 0.0
      },
      "third-party-blip": {
        "n": 9,
        "hit_at_1": 0.0,
        "hit_at_5": 0.1111111111111111,
        "mrr": 0.037037037037037035
      },
      "recovered-in-window": {
        "n": 12,
        "hit_at_1": 0.0,
        "hit_at_5": 0.08333333333333333,
        "mrr": 0.041666666666666664
      },
      "flapping-pod": {
        "n": 14,
        "hit_at_1": 0.0,
        "hit_at_5": 0.35714285714285715,
        "mrr": 0.09166666666666666
      },
      "latency-near-miss-partial-recovery": {
        "n": 8,
        "hit_at_1": 0.0,
        "hit_at_5": 0.0,
        "mrr": 0.0
      },
      "dns-outage": {
        "n": 11,
        "hit_at_1": 0.0,
        "hit_at_5": 0.0,
        "mrr": 0.0
      },
      "network-partition": {
        "n": 12,
        "hit_at_1": 0.0,
        "hit_at_5": 0.0,
        "mrr": 0.0
      },
      "network-latency": {
        "n": 9,
        "hit_at_1": 0.0,
        "hit_at_5": 0.0,
        "mrr": 0.0
      },
      "resource-saturation": {
        "n": 9,
        "hit_at_1": 0.0,
        "hit_at_5": 0.0,
        "mrr": 0.0
      },
      "network-packet-loss": {
        "n": 3,
        "hit_at_1": 0.0,
        "hit_at_5": 0.0,
        "mrr": 0.0
      }
    }
  },
  "strong": {
    "label": "strong",
    "n_with_gold": 0,
    "hit_at_1": 0.0,
    "hit_at_5": 0.0,
    "mrr": 0.0,
    "per_project": {}
  }
}