{
  "config": {
    "global_dir": "data/derived/global/2026-05-25-dataset-v5-large-global",
    "humanized_root": "jira-shadow-humanized-v2",
    "humanized_subdir": "bulk-20260531",
    "skip_window_extraction": true,
    "seed": 42
  },
  "metadata": {
    "n_predictions": 1008,
    "fit_seconds": 46.04017663002014,
    "predict_seconds": 0.003866910934448242,
    "wall_seconds": 47.234548568725586,
    "train_n": 4701,
    "val_n": 1011,
    "test_n": 1008,
    "n_memory": 347,
    "n_extractions": 347,
    "window_extraction_mode": "rule_based",
    "neo4j_uri": "neo4j://127.0.0.1:7687",
    "graph_counts": {
      "Incident": 347,
      "Service": 10,
      "Component": 27,
      "ErrorClass": 15,
      "RootCause": 343,
      "Fix": 313,
      "Symptom": 803
    },
    "retrieval": "kg_cypher"
  },
  "coarse": {
    "label": "coarse",
    "n_with_gold": 331,
    "hit_at_1": 0.3957703927492447,
    "hit_at_5": 0.4652567975830816,
    "mrr": 0.4197885196374623,
    "per_project": {
      "payment-outage": {
        "n": 15,
        "hit_at_1": 1.0,
        "hit_at_5": 1.0,
        "mrr": 1.0
      },
      "cart-redis": {
        "n": 68,
        "hit_at_1": 0.4117647058823529,
        "hit_at_5": 0.5441176470588235,
        "mrr": 0.4649509803921569
      },
      "productcatalog-latency": {
        "n": 23,
        "hit_at_1": 0.34782608695652173,
        "hit_at_5": 0.4782608695652174,
        "mrr": 0.391304347826087
      },
      "checkout-restart": {
        "n": 15,
        "hit_at_1": 0.06666666666666667,
        "hit_at_5": 0.3333333333333333,
        "mrr": 0.14333333333333334
      },
      "productcatalog-outage": {
        "n": 31,
        "hit_at_1": 0.41935483870967744,
        "hit_at_5": 0.4838709677419355,
        "mrr": 0.43655913978494626
      },
      "checkout-outage": {
        "n": 16,
        "hit_at_1": 0.0,
        "hit_at_5": 0.0,
        "mrr": 0.0
      },
      "currency-outage": {
        "n": 21,
        "hit_at_1": 1.0,
        "hit_at_5": 1.0,
        "mrr": 1.0
      },
      "recommendation-outage": {
        "n": 14,
        "hit_at_1": 0.2857142857142857,
        "hit_at_5": 0.42857142857142855,
        "mrr": 0.3392857142857143
      },
      "frontend-restart": {
        "n": 13,
        "hit_at_1": 0.0,
        "hit_at_5": 0.23076923076923078,
        "mrr": 0.06923076923076922
      },
      "shipping-outage": {
        "n": 19,
        "hit_at_1": 0.6842105263157895,
        "hit_at_5": 0.6842105263157895,
        "mrr": 0.6842105263157895
      },
      "slow-leak-saturation": {
        "n": 9,
        "hit_at_1": 0.0,
        "hit_at_5": 0.0,
        "mrr": 0.0
      },
      "third-party-blip": {
        "n": 9,
        "hit_at_1": 0.2222222222222222,
        "hit_at_5": 0.2222222222222222,
        "mrr": 0.2222222222222222
      },
      "recovered-in-window": {
        "n": 12,
        "hit_at_1": 0.4166666666666667,
        "hit_at_5": 0.4166666666666667,
        "mrr": 0.4166666666666667
      },
      "flapping-pod": {
        "n": 14,
        "hit_at_1": 0.21428571428571427,
        "hit_at_5": 0.21428571428571427,
        "mrr": 0.21428571428571427
      },
      "latency-near-miss-partial-recovery": {
        "n": 8,
        "hit_at_1": 1.0,
        "hit_at_5": 1.0,
        "mrr": 1.0
      },
      "dns-outage": {
        "n": 11,
        "hit_at_1": 0.0,
        "hit_at_5": 0.0,
        "mrr": 0.0
      },
      "network-partition": {
        "n": 12,
        "hit_at_1": 0.25,
        "hit_at_5": 0.25,
        "mrr": 0.25
      },
      "network-latency": {
        "n": 9,
        "hit_at_1": 0.7777777777777778,
        "hit_at_5": 0.7777777777777778,
        "mrr": 0.7777777777777778
      },
      "resource-saturation": {
        "n": 9,
        "hit_at_1": 0.0,
        "hit_at_5": 0.0,
        "mrr": 0.0
      },
      "network-packet-loss": {
        "n": 3,
        "hit_at_1": 0.0,
        "hit_at_5": 0.0,
        "mrr": 0.0
      }
    }
  },
  "strong": {
    "label": "strong",
    "n_with_gold": 0,
    "hit_at_1": 0.0,
    "hit_at_5": 0.0,
    "mrr": 0.0,
    "per_project": {}
  }
}